IP,计算表达式,结果
",,,127.0.0.1",sqrt(2,计算失败
",,,127.0.0.1",2sqrt(2sqrt(sqrt(,计算失败
",,,127.0.0.1",2+2,4
",,,127.0.0.1",sqrt(2),1.4142135623730951
",,,127.0.0.1",rand(sqrt(2)),0.640908542941934
",,,127.0.0.1",rand(sqrt(2)),0.35950930273331966
",,,127.0.0.1",rand(sqrt(2)),0.9945993869768821
",,,127.0.0.1",rand(sqrt(2)),0.15802679428492553
